<?xml version="1.0" encoding="UTF-8"?>
<SOAConfigPlan xmlns:jca="http://platform.integration.oracle/blocks/adapter/fw/metadata" xmlns:wsp="http://schemas.xmlsoap.org/ws/2004/09/policy" xmlns:orawsp="http://schemas.oracle.com/ws/2006/01/policy" xmlns:edl="http://schemas.oracle.com/events/edl" xmlns="http://schemas.oracle.com/soa/configplan">
   <composite name="HSFDataExport">
      <!--Add search and replace rules for the import section of a composite
	Example:
	<searchReplace>
		<search>http://my-dev-server</search>
		<replace>http://my-test-server</replace>
	<searchReplace>
	<searchReplace>
		<search>8888</search>
		<replace>8889</replace>
	<searchReplace>-->
      <import>
         <searchReplace>
            <search/>
            <replace/>
         </searchReplace>
      </import>
      <service name="HSFDataExportbpelprocess_client_ep">
         <binding type="ws">
            <attribute name="port">
               <replace>http://xmlns.oracle.com/Oil_N_Gas_ISA_Workspace/HSFDataExport/HSFDataExportBPELProcess#wsdl.endpoint(HSFDataExportbpelprocess_client_ep/HSFDataExportBPELProcess_pt)</replace>
            </attribute>
         </binding>
      </service>
      <service name="HSFDataExportbpelprocess_client"/>
      <property name="compositeID">
         <replace>688114d4-a791-4fbf-976c-eda555de9f99</replace>
      </property>
      <property name="productVersion">
         <replace>12.1.3.0.0</replace>
      </property>
      <!--Add search and replace rules for the component properties
	For components and service/reference bindings, you can add policy references.
	Example:
	<component name="*">
		<wsp:PolicyReference orawsp:category="management" orawsp:status="enabled" URI="oracle/log_policy"/>
	</component>-->
      <component name="HSFDataExportBPELProcess">
         <property name="bpel.config.transaction">
            <replace>required</replace>
         </property>
         <property name="bpel.preference.measure">
            <replace>Output</replace>
         </property>
         <property name="bpel.preference.scenario">
            <replace>Baseline</replace>
         </property>
         <property name="bpel.preference.hostname">
            <replace>oa8050.us.oracle.com</replace>
         </property>
         <property name="bpel.preference.port">
            <replace>12000</replace>
         </property>
         <property name="bpel.preference.username">
            <replace>admin</replace>
         </property>
         <property name="bpel.preference.password">
            <replace>Welcome1</replace>
         </property>
         <property name="bpel.preference.server">
            <replace>HSFServer</replace>
         </property>
         <property name="bpel.preference.database">
            <replace>Oil_n_Gas</replace>
         </property>
         <property name="bpel.preference.entity">
            <replace>Oil_n_Gas</replace>
         </property>
      </component>
      <reference name="HSFCustomWSSOAPReference"/>
      <reference name="WritefileReference"/>
      <reference name="HSFCustomWSSOAPReference">
         <!--Add search and replace rules for the binding properties-->
         <binding type="ws">
            <attribute name="port">
               <replace>http://pradipta.com/hsf/customwebservices/#wsdl.endpoint(CustomHSFWebService/HSFWebServiceSoap11)</replace>
            </attribute>
            <attribute name="location">
               <replace>WSDLs/HSFWebServiceSoap11.wsdl</replace>
            </attribute>
            <property name="weblogic.wsee.wsat.transaction.flowOption">
               <replace>WSDLDriven</replace>
            </property>
         </binding>
      </reference>
      <reference name="WritefileReference">
         <binding type="jca"/>
      </reference>
   </composite>
   <!--To configure monitor.config: 
	<property name="enabled"><replace>true</replace></property>
	<property name="dataObjectsFolder"><searchReplace><search>mydev</search><replace>myproduction</replace></searchReplace></property>
	
	sample properties to configure for file/ftp adapter: 
	<jca:property name="PhysicalDirectory"><replace>c:\temp</replace></jca:property>
	<jca:property name="DeleteFile"><replace>true</replace></jca:property>
	<jca:property name="PollingFrequency"><replace>3</replace></jca:property>
	
	To add search and replace rules for wsdls, xsd and jca files
	Example:
	<searchReplace>
		<search>http://my-dev-server</search>
		<replace>http://my-test-server</replace>
	<searchReplace>
	<searchReplace>
		<search>8888</search>
		<replace>8889</replace>
	<searchReplace>
	-->
   <wsdlAndSchema name="Adapters/WritefileReference_file.jca|Schemas/HSFDataExportBPELProcess.xsd|Schemas/PBCS_nxsd_schema.xsd|WSDLs/HSFDataExportBPELProcess.wsdl|WSDLs/HSFWebServiceSoap11.wsdl|WSDLs/HSFWebServiceSoap11Wrapper1.wsdl|WSDLs/WritefileReference.wsdl">
      <searchReplace>
         <search/>
         <replace/>
      </searchReplace>
   </wsdlAndSchema>
</SOAConfigPlan>
