<?xml version = '1.0' encoding = 'UTF-8'?>
<tns:getEntityDataCellsRequest xmlns:wsdl="http://schemas.xmlsoap.org/wsdl/" xmlns:plnk="http://docs.oasis-open.org/wsbpel/2.0/plnktype" xmlns:mime="http://schemas.xmlsoap.org/wsdl/mime/" xmlns:soap="http://schemas.xmlsoap.org/wsdl/soap/" xmlns:soap12="http://schemas.xmlsoap.org/wsdl/soap12/" xmlns:tns="http://pradipta.com/hsf/customwebservices/">
   <tns:HSFConnectParameters>
      <tns:hostname>hostname29</tns:hostname>
      <tns:port>port30</tns:port>
      <tns:username>username31</tns:username>
      <tns:password>password32</tns:password>
      <tns:server>server33</tns:server>
      <tns:database>database34</tns:database>
      <tns:entity>entity35</tns:entity>
   </tns:HSFConnectParameters>
   <tns:HSFFetchParameters>
      <tns:measure>measure36</tns:measure>
      <tns:scenario>scenario37</tns:scenario>
      <tns:ListOfTime>
         <tns:time>Jan13</tns:time>
         <tns:time>Feb13</tns:time>
         <tns:time>Mar13</tns:time>
         <tns:time>Apr13</tns:time>
         <tns:time>May13</tns:time>
         <tns:time>Jun13</tns:time>
         <tns:time>Jul13</tns:time>
         <tns:time>Aug13</tns:time>
         <tns:time>Sep13</tns:time>
         <tns:time>Oct13</tns:time>
         <tns:time>Nov13</tns:time>
         <tns:time>Dec13</tns:time>
         <tns:time>Jan14</tns:time>
         <tns:time>Feb14</tns:time>
         <tns:time>Mar14</tns:time>
         <tns:time>Apr14</tns:time>
         <tns:time>May14</tns:time>
         <tns:time>Jun14</tns:time>
         <tns:time>Jul14</tns:time>
         <tns:time>Aug14</tns:time>
         <tns:time>Sep14</tns:time>
         <tns:time>Oct14</tns:time>
         <tns:time>Nov14</tns:time>
         <tns:time>Dec14</tns:time>
         <tns:time>Jan16</tns:time>
         <tns:time>Feb16</tns:time>
         <tns:time>Mar16</tns:time>
         <tns:time>Apr16</tns:time>
         <tns:time>May16</tns:time>
         <tns:time>Jun16</tns:time>
         <tns:time>Jul16</tns:time>
         <tns:time>Aug16</tns:time>
         <tns:time>Sep16</tns:time>
         <tns:time>Oct16</tns:time>
         <tns:time>Nov16</tns:time>
         <tns:time>Dec16</tns:time>
      </tns:ListOfTime>
      <tns:ListOfAccounts>
         <tns:AccountNumber>AccountNumber39</tns:AccountNumber>
         <tns:AccountNumber>AccountNumber42</tns:AccountNumber>
         <tns:AccountNumber>AccountNumber45</tns:AccountNumber>
      </tns:ListOfAccounts>
   </tns:HSFFetchParameters>
</tns:getEntityDataCellsRequest>
