<?xml version="1.0" encoding="UTF-8" ?>
<process xmlns="http://xmlns.oracle.com/Oil_N_Gas_ISA_Workspace/HSFDataExport/HSFDataExportBPELProcess">
   <AccountDetails>
      <AccountNumber>AccountNumber39</AccountNumber>
      <AccountName>AccountName40</AccountName>
      <Entity>Entity41</Entity>
   </AccountDetails>
   <AccountDetails>
      <AccountNumber>AccountNumber42</AccountNumber>
      <AccountName>AccountName43</AccountName>
      <Entity>Entity44</Entity>
   </AccountDetails>
   <AccountDetails>
      <AccountNumber>AccountNumber45</AccountNumber>
      <AccountName>AccountName46</AccountName>
      <Entity>Entity47</Entity>
   </AccountDetails>
   <ListofTime>
      <TimeInYear>2013</TimeInYear>
      <TimeInYear>2014</TimeInYear>
   </ListofTime>
</process>
