<?xml version="1.0" encoding="UTF-8" ?>
<!-- Generated by Oracle SOA Modeler version 12.1.3.0.0 at [7/5/16 10:54 AM]. -->
<composite name="TestWSDL"
           revision="1.0"
           label="2016-07-05_10-54-25_528"
           mode="active"
           state="on"
           xmlns="http://xmlns.oracle.com/sca/1.0"
           xmlns:xs="http://www.w3.org/2001/XMLSchema"
           xmlns:wsp="http://schemas.xmlsoap.org/ws/2004/09/policy"
           xmlns:orawsp="http://schemas.oracle.com/ws/2006/01/policy"
           xmlns:ui="http://xmlns.oracle.com/soa/designer/"
           xmlns:sca-ext="http://xmlns.oracle.com/sca/1.0-ext">
  <import namespace="http://hyperion.com/hsf/hsfwebservices/" location="WSDLs/HSFEntityWebService.wsdl"
          importType="wsdl"/>
  <import namespace="http://hyperion.com/hsf/hsfwebservices/" location="WSDLs/HSFWebService.wsdl" importType="wsdl"/>
  <service name="SOAPReference" ui:wsdlLocation="WSDLs/HSFEntityWebService.wsdl">
    <interface.wsdl interface="http://hyperion.com/hsf/hsfwebservices/#wsdl.interface(HSFEntityWebServiceSoap)"/>
    <binding.ws port="http://hyperion.com/hsf/hsfwebservices/#wsdl.endpoint(SOAPReference/HSFEntityWebServiceSoap_pt)"/>
  </service>
  <service name="SOAPReference_2" ui:wsdlLocation="WSDLs/HSFWebService.wsdl">
    <interface.wsdl interface="http://hyperion.com/hsf/hsfwebservices/#wsdl.interface(HSFWebServiceSoap)"/>
    <binding.ws port="http://hyperion.com/hsf/hsfwebservices/#wsdl.endpoint(SOAPReference_2/HSFWebServiceSoap_pt)"/>
  </service>
  <property name="productVersion" type="xs:string" many="false">12.1.3.0.0</property>
  <property name="compositeID" type="xs:string" many="false">de51868d-d83f-4deb-8007-71cd94be5e0e</property>
</composite>
