<?xml version="1.0" encoding="UTF-8"?>
<dgm:gDiagram xmlns:dgm="http://xmlns.oracle.com/sca/soadgm">
    <dgm:gService name="SOAPReference">
        <dgm:body borderWidth="2" arcRad="20" X="21" Y="226" width="137" height="168">
            <dgm:borderColor r="153" g="153" b="153"/>
            <dgm:bgColor r="255" g="255" b="255"/>
        </dgm:body>
        <dgm:shadow arcRad="20" X="11" Y="219" width="156" height="182">
            <dgm:bgColor r="196" g="228" b="240"/>
        </dgm:shadow>
        <dgm:outputPort name="SOAPReference" X="127" Y="0" diameter="20" imageURI="oracle/tip/tools/ide/fabric/resource/image/visuals_rd1/servicereference.png" interface="http://hyperion.com/hsf/hsfwebservices/#wsdl.interface(HSFEntityWebServiceSoap)"/>
        <dgm:nodeIcon URI="/oracle/tip/tools/ide/adapters/designtime/adapter/images/soap_service_20x20.png" X="20" Y="4" width="20" height="20"/>
        <dgm:operations>
            <dgm:item>OpenEntity</dgm:item>
            <dgm:item>CloseEntity</dgm:item>
            <dgm:item>EnumAccounts</dgm:item>
            <dgm:item>EnumScenarios</dgm:item>
            <dgm:item>EnumTimePeriods</dgm:item>
            <dgm:item>EnumMeasures</dgm:item>
            <dgm:item>EnumCustomDimensions</dgm:item>
            <dgm:item>EnumCustomMembers</dgm:item>
            <dgm:item>GetEntityDataCells</dgm:item>
            <dgm:item>SetEntityDataCells</dgm:item>
            <dgm:item>Calculate</dgm:item>
            <dgm:item>ExportExtendedAnalytics</dgm:item>
            <dgm:item>CreateEntity</dgm:item>
            <dgm:item>GetEntityLockInfo</dgm:item>
            <dgm:item>ReleaseEntityLock</dgm:item>
            <dgm:item>GetScenarioInfo</dgm:item>
            <dgm:item>SetForecastInfo</dgm:item>
            <dgm:item>SetScenarioInfo</dgm:item>
        </dgm:operations>
    </dgm:gService>
    <dgm:gService name="SOAPReference_2">
        <dgm:body borderWidth="2" arcRad="20" X="21" Y="26" width="137" height="168">
            <dgm:borderColor r="153" g="153" b="153"/>
            <dgm:bgColor r="255" g="255" b="255"/>
        </dgm:body>
        <dgm:shadow arcRad="20" X="11" Y="19" width="156" height="182">
            <dgm:bgColor r="196" g="228" b="240"/>
        </dgm:shadow>
        <dgm:outputPort name="SOAPReference_2" X="127" Y="0" diameter="20" imageURI="oracle/tip/tools/ide/fabric/resource/image/visuals_rd1/servicereference.png" interface="http://hyperion.com/hsf/hsfwebservices/#wsdl.interface(HSFWebServiceSoap)"/>
        <dgm:nodeIcon URI="/oracle/tip/tools/ide/adapters/designtime/adapter/images/soap_service_20x20.png" X="20" Y="4" width="20" height="20"/>
        <dgm:operations>
            <dgm:item>CloseAllEntities</dgm:item>
            <dgm:item>CloseDatabase</dgm:item>
            <dgm:item>EnumCubes</dgm:item>
            <dgm:item>EnumEntities</dgm:item>
            <dgm:item>OpenDatabase</dgm:item>
            <dgm:item>EnumServers</dgm:item>
            <dgm:item>CreateSession</dgm:item>
            <dgm:item>CreateSessionFromToken</dgm:item>
            <dgm:item>CloseSession</dgm:item>
            <dgm:item>GetSessionInfo</dgm:item>
            <dgm:item>EnumDatabases</dgm:item>
            <dgm:item>EnumOpenedEntities</dgm:item>
            <dgm:item>OpenServer</dgm:item>
            <dgm:item>CloseServer</dgm:item>
        </dgm:operations>
    </dgm:gService>
</dgm:gDiagram>