<?xml version='1.0' encoding='UTF-8'?>
<!--Generated by Oracle SOA Modeler version 12.1.3.0.0 at [7/8/16 4:28 PM].-->
<composite name="HSFDataExport" revision="1.0" label="2016-07-07_10-55-13_360" mode="active" state="on"
           xmlns="http://xmlns.oracle.com/sca/1.0" xmlns:xs="http://www.w3.org/2001/XMLSchema"
           xmlns:wsp="http://schemas.xmlsoap.org/ws/2004/09/policy"
           xmlns:orawsp="http://schemas.oracle.com/ws/2006/01/policy" xmlns:ui="http://xmlns.oracle.com/soa/designer/"
           xmlns:sca-ext="http://xmlns.oracle.com/sca/1.0-ext">
  <import namespace="http://pradipta.com/hsf/customwebservices/" location="WSDLs/HSFWebServiceSoap11.wsdl"
          importType="wsdl"/>
  <import namespace="http://pradipta.com/hsf/customwebservices/" location="WSDLs/HSFWebServiceSoap11Wrapper1.wsdl"
          importType="wsdl"/>
  <import namespace="http://xmlns.oracle.com/pcbpel/adapter/file/Oil_N_Gas_ISA_Workspace/HSFDataExport/WritefileReference"
          location="WSDLs/WritefileReference.wsdl" importType="wsdl"/>
  <import namespace="http://xmlns.oracle.com/Oil_N_Gas_ISA_Workspace/HSFDataExport/HSFDataExportBPELProcess"
          location="WSDLs/HSFDataExportBPELProcess.wsdl" importType="wsdl"/>
  <service name="HSFDataExportbpelprocess_client_ep" ui:wsdlLocation="WSDLs/HSFDataExportBPELProcess.wsdl">
    <interface.wsdl interface="http://xmlns.oracle.com/Oil_N_Gas_ISA_Workspace/HSFDataExport/HSFDataExportBPELProcess#wsdl.interface(HSFDataExportBPELProcess)"/>
    <binding.ws port="http://xmlns.oracle.com/Oil_N_Gas_ISA_Workspace/HSFDataExport/HSFDataExportBPELProcess#wsdl.endpoint(HSFDataExportbpelprocess_client_ep/HSFDataExportBPELProcess_pt)"/>
  </service>
  <property name="compositeID" type="xs:string" many="false">688114d4-a791-4fbf-976c-eda555de9f99</property>
  <property name="productVersion" type="xs:string" many="false">12.1.3.0.0</property>
  <component name="HSFDataExportBPELProcess" version="2.0">
    <implementation.bpel src="BPEL/HSFDataExportBPELProcess.bpel"/>
    <componentType>
      <service name="HSFDataExportbpelprocess_client" ui:wsdlLocation="WSDLs/HSFDataExportBPELProcess.wsdl">
        <interface.wsdl interface="http://xmlns.oracle.com/Oil_N_Gas_ISA_Workspace/HSFDataExport/HSFDataExportBPELProcess#wsdl.interface(HSFDataExportBPELProcess)"/>
      </service>
      <reference name="HSFCustomWSSOAPReference" ui:wsdlLocation="WSDLs/HSFWebServiceSoap11Wrapper1.wsdl">
        <interface.wsdl interface="http://pradipta.com/hsf/customwebservices/#wsdl.interface(CustomHSFWebService)"/>
      </reference>
      <reference name="WritefileReference" ui:wsdlLocation="WSDLs/WritefileReference.wsdl">
        <interface.wsdl interface="http://xmlns.oracle.com/pcbpel/adapter/file/Oil_N_Gas_ISA_Workspace/HSFDataExport/WritefileReference#wsdl.interface(Write_ptt)"/>
      </reference>
    </componentType>
    <property name="bpel.config.transaction" type="xs:string" many="false">required</property>
    <property name="bpel.preference.measure">Output</property>
    <property name="bpel.preference.scenario">Baseline</property>
    <property name="bpel.preference.hostname">oa8050.us.oracle.com</property>
    <property name="bpel.preference.port">12000</property>
    <property name="bpel.preference.username">admin</property>
    <property name="bpel.preference.password">Welcome1</property>
    <property name="bpel.preference.server">HSFServer</property>
    <property name="bpel.preference.database">Oil_n_Gas</property>
    <property name="bpel.preference.entity">Oil_n_Gas</property>
  </component>
  <reference name="HSFCustomWSSOAPReference" ui:wsdlLocation="WSDLs/HSFWebServiceSoap11.wsdl">
    <interface.wsdl interface="http://pradipta.com/hsf/customwebservices/#wsdl.interface(CustomHSFWebService)"/>
    <binding.ws port="http://pradipta.com/hsf/customwebservices/#wsdl.endpoint(CustomHSFWebService/HSFWebServiceSoap11)"
                location="WSDLs/HSFWebServiceSoap11.wsdl" soapVersion="1.1">
      <property name="weblogic.wsee.wsat.transaction.flowOption" type="xs:string" many="false">WSDLDriven</property>
    </binding.ws>
  </reference>
  <reference name="WritefileReference" ui:wsdlLocation="WSDLs/WritefileReference.wsdl">
    <interface.wsdl interface="http://xmlns.oracle.com/pcbpel/adapter/file/Oil_N_Gas_ISA_Workspace/HSFDataExport/WritefileReference#wsdl.interface(Write_ptt)"/>
    <binding.jca config="Adapters/WritefileReference_file.jca"/>
  </reference>
  <wire>
    <source.uri>HSFDataExportbpelprocess_client_ep</source.uri>
    <target.uri>HSFDataExportBPELProcess/HSFDataExportbpelprocess_client</target.uri>
  </wire>
  <wire>
    <source.uri>HSFDataExportBPELProcess/HSFCustomWSSOAPReference</source.uri>
    <target.uri>HSFCustomWSSOAPReference</target.uri>
  </wire>
  <wire>
    <source.uri>HSFDataExportBPELProcess/WritefileReference</source.uri>
    <target.uri>WritefileReference</target.uri>
  </wire>
</composite>
