<?xml version="1.0" encoding="UTF-8"?>
<dgm:gDiagram xmlns:dgm="http://xmlns.oracle.com/sca/soadgm">
    <dgm:gService name="HSFDataExportbpelprocess_client_ep">
        <dgm:body borderWidth="2" arcRad="20" X="21" Y="99" width="137" height="84">
            <dgm:borderColor r="153" g="153" b="153"/>
            <dgm:bgColor r="255" g="255" b="255"/>
        </dgm:body>
        <dgm:shadow arcRad="20" X="11" Y="92" width="156" height="98">
            <dgm:bgColor r="196" g="228" b="240"/>
        </dgm:shadow>
        <dgm:outputPort name="HSFDataExportbpelprocess_client_ep" X="127" Y="0" diameter="20" imageURI="oracle/tip/tools/ide/fabric/resource/image/visuals_rd1/servicereference.png" interface="http://xmlns.oracle.com/Oil_N_Gas_ISA_Workspace/HSFDataExport/HSFDataExportBPELProcess#wsdl.interface(HSFDataExportBPELProcess)"/>
        <dgm:nodeIcon URI="/oracle/tip/tools/ide/adapters/designtime/adapter/images/soap_service_20x20.png" X="20" Y="4" width="20" height="20"/>
        <dgm:operations>
            <dgm:item>process</dgm:item>
        </dgm:operations>
    </dgm:gService>
    <dgm:gReference name="HSFCustomWSSOAPReference">
        <dgm:body borderWidth="2" arcRad="20" X="640" Y="26" width="136" height="84">
            <dgm:borderColor r="153" g="153" b="153"/>
            <dgm:bgColor r="255" g="255" b="255"/>
        </dgm:body>
        <dgm:shadow arcRad="20" X="630" Y="19" width="156" height="98">
            <dgm:bgColor r="196" g="228" b="240"/>
        </dgm:shadow>
        <dgm:inputPort name="HSFCustomWSSOAPReference" X="-10" Y="0" diameter="20" imageURI="oracle/tip/tools/ide/fabric/resource/image/visuals_rd1/servicereference.png" interface="http://pradipta.com/hsf/customwebservices/#wsdl.interface(CustomHSFWebService)"/>
        <dgm:nodeIcon URI="/oracle/tip/tools/ide/adapters/designtime/adapter/images/soap_service_20x20.png" X="27" Y="4" width="20" height="20"/>
        <dgm:operations>
            <dgm:item>getEntityDataCells</dgm:item>
        </dgm:operations>
    </dgm:gReference>
    <dgm:gReference name="WritefileReference">
        <dgm:body borderWidth="2" arcRad="20" X="640" Y="144" width="136" height="84">
            <dgm:borderColor r="153" g="153" b="153"/>
            <dgm:bgColor r="255" g="255" b="255"/>
        </dgm:body>
        <dgm:shadow arcRad="20" X="630" Y="137" width="156" height="98">
            <dgm:bgColor r="196" g="228" b="240"/>
        </dgm:shadow>
        <dgm:inputPort name="WritefileReference" X="-10" Y="0" diameter="20" imageURI="oracle/tip/tools/ide/fabric/resource/image/visuals_rd1/servicereference.png" interface="http://xmlns.oracle.com/pcbpel/adapter/file/Oil_N_Gas_ISA_Workspace/HSFDataExport/WritefileReference#wsdl.interface(Write_ptt)"/>
        <dgm:nodeIcon URI="/oracle/tip/tools/ide/adapters/designtime/adapter/images/file_adapter_20x20.png" X="27" Y="4" width="20" height="20"/>
        <dgm:operations>
            <dgm:item>Write</dgm:item>
        </dgm:operations>
    </dgm:gReference>
    <dgm:gComponent name="HSFDataExportBPELProcess">
        <dgm:body borderWidth="2" arcRad="20" X="334" Y="84" width="130" height="86">
            <dgm:borderColor r="69" g="113" b="140"/>
            <dgm:lightBgColor r="166" g="208" b="230"/>
            <dgm:darkBgColor r="99" g="162" b="201"/>
        </dgm:body>
        <dgm:shadow arcRad="20" X="324" Y="77" width="150" height="102">
            <dgm:bgColor r="196" g="228" b="240"/>
        </dgm:shadow>
        <dgm:inputPort name="HSFDataExportbpelprocess_client" X="-10" Y="15" diameter="20" imageURI="oracle/tip/tools/ide/fabric/resource/image/visuals_rd1/servicereference.png" interface="http://xmlns.oracle.com/Oil_N_Gas_ISA_Workspace/HSFDataExport/HSFDataExportBPELProcess#wsdl.interface(HSFDataExportBPELProcess)"/>
        <dgm:outputPort name="HSFCustomWSSOAPReference" X="120" Y="15" diameter="20" imageURI="oracle/tip/tools/ide/fabric/resource/image/visuals_rd1/servicereference.png" interface="http://pradipta.com/hsf/customwebservices/#wsdl.interface(CustomHSFWebService)"/>
        <dgm:outputPort name="WritefileReference" X="120" Y="40" diameter="20" imageURI="oracle/tip/tools/ide/fabric/resource/image/visuals_rd1/servicereference.png" interface="http://xmlns.oracle.com/pcbpel/adapter/file/Oil_N_Gas_ISA_Workspace/HSFDataExport/WritefileReference#wsdl.interface(Write_ptt)"/>
        <dgm:nodeIcon URI="/oracle/tip/tools/ide/bpel/shared/plugins/resources/images/soa/process_20x20.png" X="10" Y="4" width="20" height="20"/>
    </dgm:gComponent>
    <dgm:gWireLink source="HSFDataExportbpelprocess_client_ep" target="HSFDataExportBPELProcess/HSFDataExportbpelprocess_client" width="2">
        <dgm:gSegment X1="168" Y1="109" X2="324" Y2="109"/>
        <dgm:baseColor r="153" g="153" b="153"/>
        <dgm:selectedColor r="49" g="106" b="196"/>
    </dgm:gWireLink>
    <dgm:gWireLink source="HSFDataExportBPELProcess/HSFCustomWSSOAPReference" target="HSFCustomWSSOAPReference" width="2">
        <dgm:gSegment X1="474" Y1="109" X2="498" Y2="109"/>
        <dgm:gSegment X1="498" Y1="109" X2="498" Y2="36"/>
        <dgm:gSegment X1="498" Y1="36" X2="630" Y2="36"/>
        <dgm:baseColor r="153" g="153" b="153"/>
        <dgm:selectedColor r="49" g="106" b="196"/>
    </dgm:gWireLink>
    <dgm:gWireLink source="HSFDataExportBPELProcess/WritefileReference" target="WritefileReference" width="2">
        <dgm:gSegment X1="474" Y1="134" X2="498" Y2="134"/>
        <dgm:gSegment X1="498" Y1="134" X2="498" Y2="154"/>
        <dgm:gSegment X1="498" Y1="154" X2="630" Y2="154"/>
        <dgm:baseColor r="153" g="153" b="153"/>
        <dgm:selectedColor r="49" g="106" b="196"/>
    </dgm:gWireLink>
</dgm:gDiagram>